[
  {
    "id": "d4552ae6-dc08-4b6d-aad3-53fec2489e09",
    "name": "CCTV1综合",
    "type": "webpage",
    "group": "CCTV",
    "url": "https://tv.cctv.com/live/cctv1/",
    "DEFAULT_MIN_QUALITY": 720
  },
  {
    "id": "9708b968-c638-421e-8981-431e9af7f98b",
    "name": "CCTV2财经",
    "type": "webpage",
    "group": "CCTV",
    "url": "https://tv.cctv.com/live/cctv2/",
    "DEFAULT_MIN_QUALITY": 720
  },
  {
    "id": "56a4c78e-a36f-40b7-8bd4-b893c7f85c60",
    "name": "CCTV3综艺",
    "type": "webpage",
    "group": "CCTV",
    "url": "https://tv.cctv.com/live/cctv3/",
    "DEFAULT_MIN_QUALITY": 720
  },
  {
    "id": "98cc7837-d6a3-4d5d-abef-3fd7a55b850f",
    "name": "CCTV4中文国际",
    "type": "webpage",
    "group": "CCTV",
    "url": "https://tv.cctv.com/live/cctv4/",
    "DEFAULT_MIN_QUALITY": 720
  },
  {
    "id": "95f6f68d-f9d0-4b10-9923-4d413aace929",
    "name": "CCTV5体育",
    "type": "webpage",
    "group": "CCTV",
    "url": "https://tv.cctv.com/live/cctv5/",
    "DEFAULT_MIN_QUALITY": 720
  },
  {
    "id": "facea1cf-d3f0-461a-8d47-b4bb19738649",
    "name": "CCTV5+体育赛事",
    "type": "webpage",
    "group": "CCTV",
    "url": "https://tv.cctv.com/live/cctv5plus/",
    "DEFAULT_MIN_QUALITY": 720
  },
  {
    "id": "e9a3ea13-7ac4-4fca-8fe0-8aa16e3e1fb6",
    "name": "CCTV6电影",
    "type": "webpage",
    "group": "CCTV",
    "url": "https://tv.cctv.com/live/cctv6/",
    "DEFAULT_MIN_QUALITY": 720
  },
  {
    "id": "eb2044dd-acd2-4b9d-a636-8c4f9fcae5f8",
    "name": "CCTV7国防军事",
    "type": "webpage",
    "group": "CCTV",
    "url": "https://tv.cctv.com/live/cctv7/",
    "DEFAULT_MIN_QUALITY": 720
  },
  {
    "id": "802c9edc-6b31-4e05-9336-55794cd7b184",
    "name": "CCTV8电视剧",
    "type": "webpage",
    "group": "CCTV",
    "url": "https://tv.cctv.com/live/cctv8/",
    "DEFAULT_MIN_QUALITY": 720
  },
  {
    "id": "eaf930f7-3ee6-40cf-9a6f-516084208ac5",
    "name": "CCTV9纪录",
    "type": "webpage",
    "group": "CCTV",
    "url": "https://tv.cctv.com/live/cctvjilu/",
    "DEFAULT_MIN_QUALITY": 720
  },
  {
    "id": "c25d5aa6-a426-437f-87be-2cce07464db5",
    "name": "CCTV10科教",
    "type": "webpage",
    "group": "CCTV",
    "url": "https://tv.cctv.com/live/cctv10/",
    "DEFAULT_MIN_QUALITY": 720
  },
  {
    "id": "621af737-6301-4c70-863f-11e5ad75e4a9",
    "name": "CCTV11戏曲",
    "type": "webpage",
    "group": "CCTV",
    "url": "https://tv.cctv.com/live/cctv11/",
    "DEFAULT_MIN_QUALITY": 720
  },
  {
    "id": "9d8e7d0e-5a2e-43c8-bbb3-00aaf55c25fe",
    "name": "CCTV12社会与法",
    "type": "webpage",
    "group": "CCTV",
    "url": "https://tv.cctv.com/live/cctv12/",
    "DEFAULT_MIN_QUALITY": 720
  },
  {
    "id": "bd004eeb-e7d6-4d39-8f0c-1c221eadc3ec",
    "name": "CCTV13新闻",
    "type": "webpage",
    "group": "CCTV",
    "url": "https://tv.cctv.com/live/cctv13/",
    "DEFAULT_MIN_QUALITY": 720
  },
  {
    "id": "aacadf60-9ef5-4024-be6c-786fdac8bd14",
    "name": "CCTV14少儿",
    "type": "webpage",
    "group": "CCTV",
    "url": "https://tv.cctv.com/live/cctvchild/",
    "DEFAULT_MIN_QUALITY": 720
  },
  {
    "id": "0f14b1d1-153b-477f-9fb9-d6cb9c6857ad",
    "name": "CCTV15音乐",
    "type": "webpage",
    "group": "CCTV",
    "url": "https://tv.cctv.com/live/cctv15/",
    "DEFAULT_MIN_QUALITY": 720
  },
  {
    "id": "f029e183-1103-4e26-baa5-1b9b47851008",
    "name": "CCTV16奥林匹克",
    "type": "webpage",
    "group": "CCTV",
    "url": "https://tv.cctv.com/live/cctv16/",
    "DEFAULT_MIN_QUALITY": 720
  },
  {
    "id": "70432d8a-cd32-44b7-bbaa-46b8844b392a",
    "name": "CCTV17农业农村",
    "type": "webpage",
    "group": "CCTV",
    "url": "https://tv.cctv.com/live/cctv17/",
    "DEFAULT_MIN_QUALITY": 720
  },
  {
    "id": "77009512-68bd-4b37-a962-5ff0b065f526",
    "name": "CCTV中文国际(美)",
    "type": "webpage",
    "group": "CCTV",
    "url": "https://tv.cctv.com/live/cctvamerica/",
    "DEFAULT_MIN_QUALITY": 720
  },
  {
    "id": "4bb1879a-563a-4707-95b8-6874e55525c8",
    "name": "CCTV中文国际(欧)",
    "type": "webpage",
    "group": "CCTV",
    "url": "https://tv.cctv.com/live/cctveurope/",
    "DEFAULT_MIN_QUALITY": 720
  },
  {
    "id": "af69f360-cae0-420d-a916-6d5b7681e80a",
    "name": "CCTV4国际",
    "type": "webpage",
    "group": "CCTV",
    "url": "https://www.youtube.com/watch?v=SdzewdkJa-o",
    "DEFAULT_MIN_QUALITY": 720
  },
  {
    "id": "f152e064-15aa-4e89-9848-a11baa8f06ad",
    "name": "中国电影频道",
    "type": "m3u8",
    "group": "IPTV",
    "url": "https://k44991.kylintv.tv/live/chinamovie_iphone.m3u8",
    "DEFAULT_MIN_QUALITY": null
  },
  {
    "id": "0df94402-be1c-416e-99c9-6ce04e8d8960",
    "name": "凤凰香港台",
    "type": "m3u8",
    "group": "IPTV",
    "url": "https://k44991.kylintv.tv/live/pxhkus_iphone.m3u8",
    "DEFAULT_MIN_QUALITY": null
  },
  {
    "id": "8d1a317d-9fb9-40b3-9063-0b004eec0e7f",
    "name": "湖南卫视",
    "type": "m3u8",
    "group": "IPTV",
    "url": "https://k44991.kylintv.tv/live/huntvhd_iphone.m3u8",
    "DEFAULT_MIN_QUALITY": null
  },
  {
    "id": "e1678bf3-40a2-4b03-bad0-9a3e263ef925",
    "name": "凤凰卫视",
    "type": "m3u8",
    "group": "IPTV",
    "url": "https://k44991.kylintv.tv/live/pxna_iphone.m3u8",
    "DEFAULT_MIN_QUALITY": null
  },
  {
    "id": "3fbe5bd8-f61f-4f11-ade2-012d99e4ebd5",
    "name": "华视",
    "type": "m3u8",
    "group": "IPTV",
    "url": "https://k44991.kylintv.tv/live/ctshd_iphone.m3u8",
    "DEFAULT_MIN_QUALITY": null
  },
  {
    "id": "bca4b842-9a2a-4aca-8df4-9ca201fbb411",
    "name": "福建海峡卫视",
    "type": "m3u8",
    "group": "IPTV",
    "url": "https://k44991.kylintv.tv/live/fjstv_iphone.m3u8",
    "DEFAULT_MIN_QUALITY": null
  },
  {
    "id": "1aef574a-a87f-4fbc-a40f-b52a6e14051c",
    "name": "凤凰资讯台",
    "type": "m3u8",
    "group": "IPTV",
    "url": "https://k44991.kylintv.tv/live/pxinhd_iphone.m3u8",
    "DEFAULT_MIN_QUALITY": null
  },
  {
    "id": "c23c1e03-0b10-45c2-a577-323d7e27e1fa",
    "name": "凤凰美洲台",
    "type": "m3u8",
    "group": "IPTV",
    "url": "https://k44991.kylintv.tv/live/pxnaus_iphone.m3u8",
    "DEFAULT_MIN_QUALITY": null
  },
  {
    "id": "7d11c759-03bf-4808-80f1-db8c474ab001",
    "name": "北美新闻台",
    "type": "m3u8",
    "group": "IPTV",
    "url": "https://k44991.kylintv.tv/live/qljdhd_iphone.m3u8",
    "DEFAULT_MIN_QUALITY": null
  },
  {
    "id": "d0e3d254-1f95-4575-8feb-c40158d6b9c4",
    "name": "民视无线台",
    "type": "m3u8",
    "group": "IPTV",
    "url": "https://k44991.kylintv.tv/live/formosatv_iphone.m3u8",
    "DEFAULT_MIN_QUALITY": null
  },
  {
    "id": "581d85d1-31bd-491f-8088-c7a1f732ff2f",
    "name": "好消息2台",
    "type": "m3u8",
    "group": "IPTV",
    "url": "https://k44991.kylintv.tv/live/gdtv2_iphone.m3u8",
    "DEFAULT_MIN_QUALITY": null
  },
  {
    "id": "2f3fdfed-58eb-41fe-b00d-9b9d796fcdbc",
    "name": "中天新闻",
    "type": "m3u8",
    "group": "IPTV",
    "url": "https://k44991.kylintv.tv/live/cti_iphone.m3u8",
    "DEFAULT_MIN_QUALITY": null
  },
  {
    "id": "d18a14b0-6e83-4474-856c-1ecd3e5d0395",
    "name": "长江剧场",
    "type": "m3u8",
    "group": "IPTV",
    "url": "https://k44991.kylintv.tv/live/yangtse_iphone.m3u8",
    "DEFAULT_MIN_QUALITY": null
  },
  {
    "id": "5713834e-5d90-437d-ab01-74313530d861",
    "name": "昆仑剧场",
    "type": "m3u8",
    "group": "IPTV",
    "url": "https://k44991.kylintv.tv/live/kunlunhd_iphone.m3u8",
    "DEFAULT_MIN_QUALITY": null
  },
  {
    "id": "3a93d424-a39f-421f-859d-0f61314eb9ca",
    "name": "金鹰卡通",
    "type": "m3u8",
    "group": "IPTV",
    "url": "https://k44991.kylintv.tv/live/jykt_iphone.m3u8",
    "DEFAULT_MIN_QUALITY": null
  },
  {
    "id": "2ef63202-1a83-459c-a791-414991761dc9",
    "name": "贵州卫视",
    "type": "m3u8",
    "group": "IPTV",
    "url": "https://k44991.kylintv.tv/live/guizhoutv_iphone.m3u8",
    "DEFAULT_MIN_QUALITY": null
  },
  {
    "id": "494cc38c-7197-44d6-a6eb-c734624cea89",
    "name": "南方卫视",
    "type": "m3u8",
    "group": "IPTV",
    "url": "https://k44991.kylintv.tv/live/tvs_iphone.m3u8",
    "DEFAULT_MIN_QUALITY": null
  },
  {
    "id": "07bf903b-8388-415f-9a95-6035404a3068",
    "name": "大爱电视",
    "type": "m3u8",
    "group": "IPTV",
    "url": "https://k44991.kylintv.tv/live/daai_iphone.m3u8",
    "DEFAULT_MIN_QUALITY": null
  },
  {
    "id": "48b5574a-d950-4e22-b097-6d398437fc22",
    "name": "湖北卫视",
    "type": "m3u8",
    "group": "IPTV",
    "url": "https://k44991.kylintv.tv/live/hubeitv_iphone.m3u8",
    "DEFAULT_MIN_QUALITY": null
  },
  {
    "id": "a04467e4-11c8-4386-8e49-aed07024cfe9",
    "name": "安徽卫视",
    "type": "webpage",
    "group": "安徽",
    "url": "https://www.ahtv.cn/folder9000/folder20193?channelIndex=0",
    "DEFAULT_MIN_QUALITY": 720
  },
  {
    "id": "0e42d6ec-b63b-4b06-bbf6-cfe8bcf6e989",
    "name": "经济生活",
    "type": "webpage",
    "group": "安徽",
    "url": "https://www.ahtv.cn/folder9000/folder20193?channelIndex=1",
    "DEFAULT_MIN_QUALITY": 720
  },
  {
    "id": "467a9578-4c28-42cc-88fd-450b6d27dadd",
    "name": "综艺体育",
    "type": "webpage",
    "group": "安徽",
    "url": "https://www.ahtv.cn/folder9000/folder20193?channelIndex=2",
    "DEFAULT_MIN_QUALITY": 720
  },
  {
    "id": "1cfe4efc-55d1-41e2-bc57-cbc031e63dbe",
    "name": "影视频道",
    "type": "webpage",
    "group": "安徽",
    "url": "https://www.ahtv.cn/folder9000/folder20193?channelIndex=3",
    "DEFAULT_MIN_QUALITY": 720
  },
  {
    "id": "dcbccb31-616c-47af-8090-d19580aeef50",
    "name": "公共频道",
    "type": "webpage",
    "group": "安徽",
    "url": "https://www.ahtv.cn/folder9000/folder20193?channelIndex=4",
    "DEFAULT_MIN_QUALITY": 720
  },
  {
    "id": "140138f3-f5c5-4a65-9e62-e82ef76b7582",
    "name": "农业科教",
    "type": "webpage",
    "group": "安徽",
    "url": "https://www.ahtv.cn/folder9000/folder20193?channelIndex=5",
    "DEFAULT_MIN_QUALITY": 720
  },
  {
    "id": "d9372a96-a0bc-4820-a815-e7c0e9cc7d48",
    "name": "安徽国际",
    "type": "webpage",
    "group": "安徽",
    "url": "https://www.ahtv.cn/folder9000/folder20193?channelIndex=6",
    "DEFAULT_MIN_QUALITY": 720
  },
  {
    "id": "3e3c0ef0-0aa4-4099-98b5-03e892648494",
    "name": "移动电视",
    "type": "webpage",
    "group": "安徽",
    "url": "https://www.ahtv.cn/folder9000/folder20193?channelIndex=7",
    "DEFAULT_MIN_QUALITY": 720
  },
  {
    "id": "11d872e2-2fbd-43b4-92bf-7f07f4b53e61",
    "name": "北京卫视",
    "type": "webpage",
    "group": "北京",
    "url": "https://www.btime.com/btv/btvsy_index",
    "DEFAULT_MIN_QUALITY": 720
  },
  {
    "id": "28625062-7511-4f9d-a198-10506c05f6e0",
    "name": "福建综合",
    "type": "webpage",
    "group": "福建",
    "url": "https://live.fjtv.net/zhpd/",
    "DEFAULT_MIN_QUALITY": 720
  },
  {
    "id": "a437cbcf-bd69-460d-8992-32b716ef7f75",
    "name": "东南卫视",
    "type": "webpage",
    "group": "福建",
    "url": "https://live.fjtv.net/setv/",
    "DEFAULT_MIN_QUALITY": 720
  },
  {
    "id": "37e5035f-f00f-443e-a36e-a193ee6fad44",
    "name": "公共频道",
    "type": "webpage",
    "group": "福建",
    "url": "https://live.fjtv.net/ggpd/",
    "DEFAULT_MIN_QUALITY": 720
  },
  {
    "id": "66bd7a5c-64c8-4988-8280-1fac3e8c4bc3",
    "name": "海峡卫视",
    "type": "webpage",
    "group": "福建",
    "url": "https://live.fjtv.net/hxtv/",
    "DEFAULT_MIN_QUALITY": 720
  },
  {
    "id": "22c4858a-83fc-438a-a986-a2f004e42be1",
    "name": "新闻频道",
    "type": "webpage",
    "group": "福建",
    "url": "https://live.fjtv.net/xwpd/",
    "DEFAULT_MIN_QUALITY": 720
  },
  {
    "id": "7ffd23d9-69f5-4b11-89ca-48163d46dc24",
    "name": "旅游频道",
    "type": "webpage",
    "group": "福建",
    "url": "https://live.fjtv.net/dspd/",
    "DEFAULT_MIN_QUALITY": 720
  },
  {
    "id": "b5d7e9e5-48cb-4008-a056-28c7938df6cd",
    "name": "经济频道",
    "type": "webpage",
    "group": "福建",
    "url": "https://live.fjtv.net/jspd/",
    "DEFAULT_MIN_QUALITY": 720
  },
  {
    "id": "d3785769-69c8-462e-a179-2194cfffce2f",
    "name": "甘肃卫视",
    "type": "webpage",
    "group": "甘肃",
    "url": "https://www.gstv.com.cn/zxc.jhtml",
    "DEFAULT_MIN_QUALITY": 720
  },
  {
    "id": "e050c98f-6f18-4144-bb7d-77ef3cbd542f",
    "name": "广东卫视",
    "type": "webpage",
    "group": "广东",
    "url": "https://www.gdtv.cn/tvChannelDetail/43",
    "DEFAULT_MIN_QUALITY": 720
  },
  {
    "id": "f96282df-375a-401f-8544-c10f6002f6eb",
    "name": "广东少儿",
    "type": "webpage",
    "group": "广东",
    "url": "https://www.gdtv.cn/tvChannelDetail/54",
    "DEFAULT_MIN_QUALITY": 720
  },
  {
    "id": "186d9fd4-f0ad-45d1-b1ec-623386ba42ca",
    "name": "嘉佳卡通",
    "type": "webpage",
    "group": "广东",
    "url": "https://www.gdtv.cn/tvChannelDetail/66",
    "DEFAULT_MIN_QUALITY": 720
  },
  {
    "id": "0938d079-3ec2-4155-8147-216acd94d7c8",
    "name": "广东新闻",
    "type": "webpage",
    "group": "广东",
    "url": "https://www.gdtv.cn/tvChannelDetail/45",
    "DEFAULT_MIN_QUALITY": 720
  },
  {
    "id": "a6c39407-2e84-4584-95df-3e2f3df9f873",
    "name": "广东体育",
    "type": "webpage",
    "group": "广东",
    "url": "https://www.gdtv.cn/tvChannelDetail/47",
    "DEFAULT_MIN_QUALITY": 720
  },
  {
    "id": "1b153025-e8c1-481a-8a36-e34c39de7605",
    "name": "广东民生",
    "type": "webpage",
    "group": "广东",
    "url": "https://www.gdtv.cn/tvChannelDetail/48",
    "DEFAULT_MIN_QUALITY": 720
  },
  {
    "id": "bb491de7-273b-4ded-9027-289d236aae28",
    "name": "大湾区卫视",
    "type": "webpage",
    "group": "广东",
    "url": "https://www.gdtv.cn/tvChannelDetail/51",
    "DEFAULT_MIN_QUALITY": 720
  },
  {
    "id": "2bb53040-0a68-45b4-86ff-b4109281ab83",
    "name": "大湾区海外",
    "type": "webpage",
    "group": "广东",
    "url": "https://www.gdtv.cn/tvChannelDetail/46",
    "DEFAULT_MIN_QUALITY": 720
  },
  {
    "id": "f8722516-419e-4746-b034-855a3a5f646a",
    "name": "岭南戏曲",
    "type": "webpage",
    "group": "广东",
    "url": "https://www.gdtv.cn/tvChannelDetail/15",
    "DEFAULT_MIN_QUALITY": 720
  },
  {
    "id": "deb484a8-c850-441b-8016-12eb0c0504c0",
    "name": "广东移动",
    "type": "webpage",
    "group": "广东",
    "url": "https://www.gdtv.cn/tvChannelDetail/74",
    "DEFAULT_MIN_QUALITY": 720
  },
  {
    "id": "18cdfcdd-13c0-4666-ac4a-8e7e43a5ad41",
    "name": "广东经典台",
    "type": "webpage",
    "group": "广东",
    "url": "https://www.gdtv.cn/tvChannelDetail/100",
    "DEFAULT_MIN_QUALITY": 720
  },
  {
    "id": "9667187d-8030-458e-aac7-b6046b2705be",
    "name": "纪实片",
    "type": "webpage",
    "group": "广东",
    "url": "https://www.gdtv.cn/tvChannelDetail/94",
    "DEFAULT_MIN_QUALITY": 720
  },
  {
    "id": "6df9bd5f-a555-43e1-8fcb-fb4ea7d2d721",
    "name": "GRTN生活频道",
    "type": "webpage",
    "group": "广东",
    "url": "https://www.gdtv.cn/tvChannelDetail/102",
    "DEFAULT_MIN_QUALITY": 720
  },
  {
    "id": "db4d42f0-3638-4113-8384-2f6f4a3d7898",
    "name": "GRTN文化频道",
    "type": "webpage",
    "group": "广东",
    "url": "https://www.gdtv.cn/tvChannelDetail/75",
    "DEFAULT_MIN_QUALITY": 720
  },
  {
    "id": "fbddcb8c-2921-42ef-890a-e7a680d37828",
    "name": "广东珠江",
    "type": "webpage",
    "group": "广东",
    "url": "https://www.gdtv.cn/tvChannelDetail/44",
    "DEFAULT_MIN_QUALITY": 720
  },
  {
    "id": "9a892b6f-3ef1-4d5a-837c-d0aeb067de7d",
    "name": "广西卫视",
    "type": "webpage",
    "group": "广西",
    "url": "https://tv.gxtv.cn/channel/channelivePlay_e7a7ab7df9fe11e88bcfe41f13b60c62.html",
    "DEFAULT_MIN_QUALITY": 720
  },
  {
    "id": "398686d1-3706-448a-b329-ef0fe1d7aa8d",
    "name": "综艺旅游频道",
    "type": "webpage",
    "group": "广西",
    "url": "https://tv.gxtv.cn/channel/channelivePlay_f3335975f9fe11e88bcfe41f13b60c62.html",
    "DEFAULT_MIN_QUALITY": 720
  },
  {
    "id": "599ac07c-d978-4046-b0f0-8ad41afdda66",
    "name": "都市频道",
    "type": "webpage",
    "group": "广西",
    "url": "https://tv.gxtv.cn/channel/channelivePlay_fdbaf085f9fe11e88bcfe41f13b60c62.html",
    "DEFAULT_MIN_QUALITY": 720
  },
  {
    "id": "2742168e-785b-484b-87e7-6628d4e944cd",
    "name": "影视频道",
    "type": "webpage",
    "group": "广西",
    "url": "https://tv.gxtv.cn/channel/channelivePlay_5e923d82058e11e9ba67e41f13b60c62.html",
    "DEFAULT_MIN_QUALITY": 720
  },
  {
    "id": "1a2a3a72-c1ee-423d-bc60-9ae3ba52ca9d",
    "name": "新闻频道",
    "type": "webpage",
    "group": "广西",
    "url": "https://tv.gxtv.cn/channel/channelivePlay_9dfd8600075811e9ba67e41f13b60c62.html",
    "DEFAULT_MIN_QUALITY": 720
  },
  {
    "id": "d34dbbb8-d78a-4276-a298-e80ba701362a",
    "name": "国际频道",
    "type": "webpage",
    "group": "广西",
    "url": "https://tv.gxtv.cn/channel/channelivePlay_bfa17b64157f11e999f0e41f13b60c62.html",
    "DEFAULT_MIN_QUALITY": 720
  },
  {
    "id": "e85caa1c-0b25-480c-b495-a200bf9d94bb",
    "name": "乐思购",
    "type": "webpage",
    "group": "广西",
    "url": "https://tv.gxtv.cn/channel/channelivePlay_ed58bc4a207811e999f0e41f13b60c62.html",
    "DEFAULT_MIN_QUALITY": 720
  },
  {
    "id": "7f6eaa6f-2f8f-45c4-8ae6-1dc72dcaa34e",
    "name": "移动数字电视频道",
    "type": "webpage",
    "group": "广西",
    "url": "https://tv.gxtv.cn/channel/channelivePlay_78dbfd44e6b74ab687204d2d8113cbf5.html",
    "DEFAULT_MIN_QUALITY": 720
  },
  {
    "id": "68006e22-ee30-4524-94cd-f28e6a76400e",
    "name": "网络live",
    "type": "webpage",
    "group": "广西",
    "url": "https://live.gxtv.cn/",
    "DEFAULT_MIN_QUALITY": 720
  },
  {
    "id": "32d4cf3a-ed31-4ff7-a1ff-a5b7ca769a40",
    "name": "中国教育电视台1套",
    "type": "webpage",
    "group": "广西",
    "url": "https://tv.gxtv.cn/channel/channelivePlay_ffa6b6e1b32b4a16a73eb3ef66f8bfc7.html",
    "DEFAULT_MIN_QUALITY": 720
  },
  {
    "id": "3750ecba-b55a-43f7-b522-c65e9ff1d873",
    "name": "中国教育电视台2套",
    "type": "webpage",
    "group": "广西",
    "url": "https://tv.gxtv.cn/channel/channelivePlay_80d0ffb42c114eaf9663708629ff0a3e.html",
    "DEFAULT_MIN_QUALITY": 720
  },
  {
    "id": "c8affd3e-dd1e-4229-99bb-9f43686e2165",
    "name": "中国教育电视台4套",
    "type": "webpage",
    "group": "广西",
    "url": "https://tv.gxtv.cn/channel/channelivePlay_67eace939278435bb4bca90800fb4225.html",
    "DEFAULT_MIN_QUALITY": 720
  },
  {
    "id": "e1cf166b-fd74-4628-93a7-73fd53b5b96e",
    "name": "广州综合",
    "type": "webpage",
    "group": "广州",
    "url": "https://www.gztv.com/#/channel",
    "DEFAULT_MIN_QUALITY": 720
  },
  {
    "id": "04437425-dab4-4d72-8814-ba3c70cb3c8c",
    "name": "三沙卫视",
    "type": "webpage",
    "group": "海南",
    "url": "https://www.hnntv.cn/live.html?playType=livePlay&channelId=5&referPage=home",
    "DEFAULT_MIN_QUALITY": 720
  },
  {
    "id": "f1571a60-fd7b-4a8b-a29b-f2a2461de51a",
    "name": "河北卫视",
    "type": "webpage",
    "group": "河北",
    "url": "https://www.hebtv.com/19/19js/st/xdszb/index.shtml?index=0",
    "DEFAULT_MIN_QUALITY": 720
  },
  {
    "id": "fca8f346-a34a-4b73-8fa2-ae99511deecd",
    "name": "金鹰卡通",
    "type": "webpage",
    "group": "湖南",
    "url": "https://live.mgtv.com/?channelId=287",
    "DEFAULT_MIN_QUALITY": 720
  },
  {
    "id": "ccae1978-b298-4b4b-84a0-9a22a9fe24f2",
    "name": "湖南经视",
    "type": "webpage",
    "group": "湖南",
    "url": "https://live.mgtv.com/?channelId=280",
    "DEFAULT_MIN_QUALITY": 720
  },
  {
    "id": "5872cf29-3601-42fc-a74e-1b557aa4201c",
    "name": "湖南娱乐",
    "type": "webpage",
    "group": "湖南",
    "url": "https://live.mgtv.com/?channelId=344",
    "DEFAULT_MIN_QUALITY": 720
  },
  {
    "id": "34b438f6-9c2a-4919-9e45-fb7560fb3f3c",
    "name": "湖南电影",
    "type": "webpage",
    "group": "湖南",
    "url": "https://live.mgtv.com/?channelId=221",
    "DEFAULT_MIN_QUALITY": 720
  },
  {
    "id": "1345fdb0-67c1-4aaa-88f1-5617de4314e2",
    "name": "湖南都市",
    "type": "webpage",
    "group": "湖南",
    "url": "https://live.mgtv.com/?channelId=346",
    "DEFAULT_MIN_QUALITY": 720
  },
  {
    "id": "1d545fa4-3fbe-451b-948d-20f8ca684717",
    "name": "湖南电视剧",
    "type": "webpage",
    "group": "湖南",
    "url": "https://live.mgtv.com/?channelId=484",
    "DEFAULT_MIN_QUALITY": 720
  },
  {
    "id": "4b2ec85e-eade-449f-b2e6-4519de910a6e",
    "name": "金鹰纪实",
    "type": "webpage",
    "group": "湖南",
    "url": "https://live.mgtv.com/?channelId=316",
    "DEFAULT_MIN_QUALITY": 720
  },
  {
    "id": "c18d68ae-4789-4822-9d22-af6e42ab575e",
    "name": "湖南爱晚",
    "type": "webpage",
    "group": "湖南",
    "url": "https://live.mgtv.com/?channelId=261",
    "DEFAULT_MIN_QUALITY": 720
  },
  {
    "id": "79ebdbbe-f44b-4137-b4bb-6e0d98e7f0fe",
    "name": "湖南国际",
    "type": "webpage",
    "group": "湖南",
    "url": "https://live.mgtv.com/?channelId=229",
    "DEFAULT_MIN_QUALITY": 720
  },
  {
    "id": "58185a3a-fc37-4115-bc1a-d2e2e9f764a3",
    "name": "先锋乒羽",
    "type": "webpage",
    "group": "湖南",
    "url": "https://live.mgtv.com/?channelId=329",
    "DEFAULT_MIN_QUALITY": 720
  },
  {
    "id": "4ae68bf9-1f79-4c0a-a658-21648a6a5776",
    "name": "茶频道",
    "type": "webpage",
    "group": "湖南",
    "url": "https://live.mgtv.com/?channelId=578",
    "DEFAULT_MIN_QUALITY": 720
  },
  {
    "id": "d2bd0fed-4ca0-4317-be0c-100c7d47f54e",
    "name": "快乐垂钓",
    "type": "webpage",
    "group": "湖南",
    "url": "https://live.mgtv.com/?channelId=218",
    "DEFAULT_MIN_QUALITY": 720
  },
  {
    "id": "47c5f36c-ca24-4b44-8235-5f63bdf56f80",
    "name": "长沙新闻",
    "type": "webpage",
    "group": "湖南",
    "url": "https://live.mgtv.com/?channelId=269",
    "DEFAULT_MIN_QUALITY": 720
  },
  {
    "id": "57ef4e1e-a904-4040-95a4-ac5b1f34a2d6",
    "name": "长沙政法",
    "type": "webpage",
    "group": "湖南",
    "url": "https://live.mgtv.com/?channelId=254",
    "DEFAULT_MIN_QUALITY": 720
  },
  {
    "id": "f807b31b-f4dd-4602-9acb-642be08efe46",
    "name": "湖南卫视",
    "type": "m3u8",
    "group": "湖南",
    "url": "https://k44991.kylintv.tv/live/huntvhd_iphone.m3u8",
    "DEFAULT_MIN_QUALITY": 720
  },
  {
    "id": "fb040373-a1c3-4b0b-9497-6c103e9f0be2",
    "name": "江苏卫视",
    "type": "webpage",
    "group": "江苏",
    "url": "https://live.jstv.com/",
    "DEFAULT_MIN_QUALITY": 720
  },
  {
    "id": "1f86dd68-a31b-437a-a579-c05f86651ea8",
    "name": "山东卫视",
    "type": "webpage",
    "group": "山东",
    "url": "https://v.iqilu.com/live/sdtv/",
    "DEFAULT_MIN_QUALITY": 720
  },
  {
    "id": "294a64d1-c44f-4d0c-b171-7c3f30959a7f",
    "name": "齐鲁频道",
    "type": "webpage",
    "group": "山东",
    "url": "https://v.iqilu.com/live/qlpd/",
    "DEFAULT_MIN_QUALITY": 720
  },
  {
    "id": "bc6fdfdb-02bb-4e15-a951-653b9dac3eb9",
    "name": "体育频道",
    "type": "webpage",
    "group": "山东",
    "url": "https://v.iqilu.com/live/typd/",
    "DEFAULT_MIN_QUALITY": 720
  },
  {
    "id": "2811c82b-8144-43d8-aa8c-369e926b7bfd",
    "name": "生活频道",
    "type": "webpage",
    "group": "山东",
    "url": "https://v.iqilu.com/live/shpd/",
    "DEFAULT_MIN_QUALITY": 720
  },
  {
    "id": "7b7574e4-35df-454b-ad66-3a64ea960aa2",
    "name": "综艺频道",
    "type": "webpage",
    "group": "山东",
    "url": "https://v.iqilu.com/live/zypd/",
    "DEFAULT_MIN_QUALITY": 720
  },
  {
    "id": "606f7b2b-42bf-430a-953d-42654a7ba1e2",
    "name": "新闻频道",
    "type": "webpage",
    "group": "山东",
    "url": "https://v.iqilu.com/live/ggpd/",
    "DEFAULT_MIN_QUALITY": 720
  },
  {
    "id": "5b49866e-4577-4921-8b88-d53d4bb0e2f2",
    "name": "农科频道",
    "type": "webpage",
    "group": "山东",
    "url": "https://v.iqilu.com/live/nkpd/",
    "DEFAULT_MIN_QUALITY": 720
  },
  {
    "id": "845d20a7-2cf8-468b-88be-09b17e6e9b41",
    "name": "文旅频道",
    "type": "webpage",
    "group": "山东",
    "url": "https://v.iqilu.com/live/yspd/",
    "DEFAULT_MIN_QUALITY": 720
  },
  {
    "id": "face6c92-08be-4316-b6b8-06cd9e36355a",
    "name": "少儿频道",
    "type": "webpage",
    "group": "山东",
    "url": "https://v.iqilu.com/live/sepd/",
    "DEFAULT_MIN_QUALITY": 720
  },
  {
    "id": "81fb696a-7415-472e-a846-2ec31efaf067",
    "name": "陕西卫视",
    "type": "webpage",
    "group": "陕西",
    "url": "http://live.snrtv.com/star",
    "DEFAULT_MIN_QUALITY": 720
  },
  {
    "id": "33bd1013-d7f7-45a7-8682-85208639dcc4",
    "name": "东方卫视",
    "type": "webpage",
    "group": "上海",
    "url": "https://live.kankanews.com/huikan?id=1",
    "DEFAULT_MIN_QUALITY": 720
  },
  {
    "id": "1fe14c81-d778-415f-8e1d-b7c0ec2d4fea",
    "name": "新闻综合",
    "type": "webpage",
    "group": "上海",
    "url": "https://live.kankanews.com/huikan?id=2",
    "DEFAULT_MIN_QUALITY": 720
  },
  {
    "id": "74ec6f8a-e4b2-49e8-8906-c342bb736950",
    "name": "魔都眼",
    "type": "webpage",
    "group": "上海",
    "url": "https://live.kankanews.com/huikan?id=11",
    "DEFAULT_MIN_QUALITY": 720
  },
  {
    "id": "cde6d2d5-36bb-42ae-b204-e7568fcdfa7f",
    "name": "第一财经",
    "type": "webpage",
    "group": "上海",
    "url": "https://live.kankanews.com/huikan?id=5",
    "DEFAULT_MIN_QUALITY": 720
  },
  {
    "id": "95cc6a14-892d-43c2-a613-1465c8c0ecf3",
    "name": "新纪实",
    "type": "webpage",
    "group": "上海",
    "url": "https://live.kankanews.com/huikan?id=12",
    "DEFAULT_MIN_QUALITY": 720
  },
  {
    "id": "0439ac16-407f-454e-b6ee-0fff6484404c",
    "name": "五星体育",
    "type": "webpage",
    "group": "上海",
    "url": "https://live.kankanews.com/huikan?id=10",
    "DEFAULT_MIN_QUALITY": 720
  },
  {
    "id": "d3b9772b-407f-4451-b7ca-fe1c0ae7bdf4",
    "name": "都市频道",
    "type": "webpage",
    "group": "上海",
    "url": "https://live.kankanews.com/huikan?id=4",
    "DEFAULT_MIN_QUALITY": 720
  },
  {
    "id": "fa713f61-b65c-48dc-bdc0-c828d74a3604",
    "name": "哈哈炫动",
    "type": "webpage",
    "group": "上海",
    "url": "https://live.kankanews.com/huikan?id=9",
    "DEFAULT_MIN_QUALITY": 720
  },
  {
    "id": "2e1b636f-6eee-4865-8dd6-20c3666a1464",
    "name": "大愛電視",
    "type": "webpage",
    "group": "台湾",
    "url": "https://www.4gtv.tv/channel/4gtv-live007?set=1&ch=209",
    "DEFAULT_MIN_QUALITY": 720
  },
  {
    "id": "f8deafcc-5c13-4726-8ea7-c034d37fe7b0",
    "name": "中視",
    "type": "webpage",
    "group": "台湾",
    "url": "https://www.4gtv.tv/channel/4gtv-4gtv040?set=1&ch=4",
    "DEFAULT_MIN_QUALITY": 720
  },
  {
    "id": "8639993c-4ed0-4700-9c0a-5b5f924e5432",
    "name": "中視經典台",
    "type": "webpage",
    "group": "台湾",
    "url": "https://www.4gtv.tv/channel/4gtv-4gtv080?set=1&ch=124",
    "DEFAULT_MIN_QUALITY": 720
  },
  {
    "id": "368f87f1-2dbf-4ba2-a3de-94b3155397e9",
    "name": "華視",
    "type": "webpage",
    "group": "台湾",
    "url": "https://www.4gtv.tv/channel/4gtv-4gtv041?set=1&ch=6",
    "DEFAULT_MIN_QUALITY": 720
  },
  {
    "id": "568107bf-d06b-47ca-88cc-fc6fff912e34",
    "name": "三立綜合台",
    "type": "webpage",
    "group": "台湾",
    "url": "https://www.4gtv.tv/channel/4gtv-live207?set=1&ch=169",
    "DEFAULT_MIN_QUALITY": 720
  },
  {
    "id": "ade3398f-2d06-406f-b74b-1fd8d8c933f2",
    "name": "客家電視台",
    "type": "webpage",
    "group": "台湾",
    "url": "https://www.4gtv.tv/channel/4gtv-4gtv043?set=1&ch=107",
    "DEFAULT_MIN_QUALITY": 720
  },
  {
    "id": "a2ad5920-28e8-4935-97fa-5fbdf66a7728",
    "name": "八大綜藝台",
    "type": "webpage",
    "group": "台湾",
    "url": "https://www.4gtv.tv/channel/4gtv-4gtv039?set=1&ch=114",
    "DEFAULT_MIN_QUALITY": 720
  },
  {
    "id": "fc775f5f-a475-40a7-8e6d-b76e6167ad4d",
    "name": "中視菁采台",
    "type": "webpage",
    "group": "台湾",
    "url": "https://www.4gtv.tv/channel/4gtv-4gtv064?set=1&ch=123",
    "DEFAULT_MIN_QUALITY": 720
  },
  {
    "id": "abab5283-98a3-4136-81dc-8153b87db03c",
    "name": "TVBS精采台",
    "type": "webpage",
    "group": "台湾",
    "url": "https://www.4gtv.tv/channel/4gtv-4gtv067?set=1&ch=227",
    "DEFAULT_MIN_QUALITY": 720
  },
  {
    "id": "39e6b17b-146c-48a3-b40c-ab43dfee216a",
    "name": "愛爾達娛樂台",
    "type": "webpage",
    "group": "台湾",
    "url": "https://www.4gtv.tv/channel/4gtv-4gtv070?set=1&ch=19",
    "DEFAULT_MIN_QUALITY": 720
  },
  {
    "id": "ea556725-474d-48b6-8499-da597d0bae40",
    "name": "靖天綜合台",
    "type": "webpage",
    "group": "台湾",
    "url": "https://www.4gtv.tv/channel/4gtv-4gtv046?set=1&ch=21",
    "DEFAULT_MIN_QUALITY": 720
  },
  {
    "id": "b6f77fb9-7b8b-49ae-ba55-6d2b7f276d73",
    "name": "靖天日本台",
    "type": "webpage",
    "group": "台湾",
    "url": "https://www.4gtv.tv/channel/4gtv-4gtv047?set=1&ch=22",
    "DEFAULT_MIN_QUALITY": 720
  },
  {
    "id": "1e4019c8-0ef4-438f-9a81-e3269c1f4221",
    "name": "新唐人亞太台",
    "type": "webpage",
    "group": "台湾",
    "url": "https://www.4gtv.tv/channel/4gtv-live050?set=1&ch=223",
    "DEFAULT_MIN_QUALITY": 720
  },
  {
    "id": "e0e29e1d-0578-46a6-abc3-fa52d41ec3d7",
    "name": "ARIRANG阿里郎頻道",
    "type": "webpage",
    "group": "台湾",
    "url": "https://www.4gtv.tv/channel/4gtv-4gtv079?set=1&ch=189",
    "DEFAULT_MIN_QUALITY": 720
  },
  {
    "id": "e4711a85-3c15-42c2-adb6-be9bf5a701cb",
    "name": "Global Trekker",
    "type": "webpage",
    "group": "台湾",
    "url": "https://www.4gtv.tv/channel/4gtv-live112?set=1&ch=252",
    "DEFAULT_MIN_QUALITY": 720
  },
  {
    "id": "1ff0eadf-916e-47f5-832f-415412c00c44",
    "name": "原住民族電視台",
    "type": "webpage",
    "group": "台湾",
    "url": "https://www.4gtv.tv/channel/4gtv-live014?set=1&ch=273",
    "DEFAULT_MIN_QUALITY": 720
  },
  {
    "id": "29babf20-085b-44ae-81f9-53732bdeaf6b",
    "name": "東森購物四台",
    "type": "webpage",
    "group": "台湾",
    "url": "https://www.4gtv.tv/channel/4gtv-live049?set=1&ch=286",
    "DEFAULT_MIN_QUALITY": 720
  },
  {
    "id": "cfb74f8d-2275-4ef4-a042-9b897a46f3d4",
    "name": "LiveABC互動英語頻道",
    "type": "webpage",
    "group": "台湾",
    "url": "https://www.4gtv.tv/channel/4gtv-live030?set=1&ch=188",
    "DEFAULT_MIN_QUALITY": 720
  },
  {
    "id": "65e9cff8-b0ca-4e45-8707-6f261277a18b",
    "name": "達文西頻道",
    "type": "webpage",
    "group": "台湾",
    "url": "https://www.4gtv.tv/channel/4gtv-4gtv018?set=1&ch=11",
    "DEFAULT_MIN_QUALITY": 720
  },
  {
    "id": "532e2cd7-c0c5-41cb-be04-684fa3d0180e",
    "name": "ELTV生活英語台",
    "type": "webpage",
    "group": "台湾",
    "url": "https://www.4gtv.tv/channel/litv-longturn20?set=1&ch=106",
    "DEFAULT_MIN_QUALITY": 720
  },
  {
    "id": "26d7010c-8d73-4d88-933c-1de84e4daef1",
    "name": "Nick Jr. 兒童頻道",
    "type": "webpage",
    "group": "台湾",
    "url": "https://www.4gtv.tv/channel/4gtv-live032?set=1&ch=219",
    "DEFAULT_MIN_QUALITY": 720
  },
  {
    "id": "17f2b4f7-7dbc-4318-85eb-3ef71d3014e1",
    "name": "尼克兒童頻道",
    "type": "webpage",
    "group": "台湾",
    "url": "https://www.4gtv.tv/channel/4gtv-live105?set=1&ch=185",
    "DEFAULT_MIN_QUALITY": 720
  },
  {
    "id": "f9655095-b9d2-4f44-be16-919ef0f89879",
    "name": "DreamWorks 夢工廠動畫",
    "type": "webpage",
    "group": "台湾",
    "url": "https://www.4gtv.tv/channel/4gtv-live017?set=1&ch=282",
    "DEFAULT_MIN_QUALITY": 720
  },
  {
    "id": "4fcaf190-52a1-495d-bbfb-72a411537e8c",
    "name": "靖天卡通台",
    "type": "webpage",
    "group": "台湾",
    "url": "https://www.4gtv.tv/channel/4gtv-4gtv044?set=1&ch=15",
    "DEFAULT_MIN_QUALITY": 720
  },
  {
    "id": "8fd14aca-baba-413d-aff9-4847fa3bd9eb",
    "name": "靖洋卡通Nice Bingo",
    "type": "webpage",
    "group": "台湾",
    "url": "https://www.4gtv.tv/channel/4gtv-4gtv057?set=1&ch=59",
    "DEFAULT_MIN_QUALITY": 720
  },
  {
    "id": "fd3ce5aa-1c23-48f9-9cd3-9c556bed3957",
    "name": "MOMO親子台",
    "type": "webpage",
    "group": "台湾",
    "url": "https://www.4gtv.tv/channel/4gtv-live107?set=1&ch=231",
    "DEFAULT_MIN_QUALITY": 720
  },
  {
    "id": "96904155-00f4-47bc-a9a6-6fad76f3c76e",
    "name": "東森購物一台",
    "type": "webpage",
    "group": "台湾",
    "url": "https://www.4gtv.tv/channel/4gtv-live047?set=1&ch=173",
    "DEFAULT_MIN_QUALITY": 720
  },
  {
    "id": "10b1f8e2-752b-422c-b7ae-d2234930a7aa",
    "name": "鏡電視新聞台",
    "type": "webpage",
    "group": "台湾",
    "url": "https://www.4gtv.tv/channel/4gtv-4gtv075?set=1&ch=268",
    "DEFAULT_MIN_QUALITY": 720
  },
  {
    "id": "0142d633-59ef-408a-9f33-e5fd3b32c5e5",
    "name": "東森新聞台",
    "type": "webpage",
    "group": "台湾",
    "url": "https://www.4gtv.tv/channel/4gtv-4gtv152?set=1&ch=292",
    "DEFAULT_MIN_QUALITY": 720
  },
  {
    "id": "b422e205-15a5-4e19-844c-80422c7e362e",
    "name": "華視新聞",
    "type": "webpage",
    "group": "台湾",
    "url": "https://www.4gtv.tv/channel/4gtv-4gtv052?set=1&ch=34",
    "DEFAULT_MIN_QUALITY": 720
  },
  {
    "id": "7b84598f-8e17-47b8-aa32-fe2de897fe67",
    "name": "三立新聞iNEWS",
    "type": "webpage",
    "group": "台湾",
    "url": "https://www.4gtv.tv/channel/4gtv-live089?set=1&ch=229",
    "DEFAULT_MIN_QUALITY": 720
  },
  {
    "id": "2f2340aa-5f75-4646-8184-d71a036097d5",
    "name": "TVBS新聞",
    "type": "webpage",
    "group": "台湾",
    "url": "https://www.4gtv.tv/channel/4gtv-4gtv072?set=1&ch=291",
    "DEFAULT_MIN_QUALITY": 720
  },
  {
    "id": "60810fbc-8076-4804-b311-be3d0671400e",
    "name": "東森財經新聞台",
    "type": "webpage",
    "group": "台湾",
    "url": "https://www.4gtv.tv/channel/4gtv-4gtv153?set=1&ch=293",
    "DEFAULT_MIN_QUALITY": 720
  },
  {
    "id": "3e2116cd-958e-44bc-bd3a-beb023aecb58",
    "name": "中視新聞",
    "type": "webpage",
    "group": "台湾",
    "url": "https://www.4gtv.tv/channel/4gtv-4gtv074?set=1&ch=33",
    "DEFAULT_MIN_QUALITY": 720
  },
  {
    "id": "4f5b1e1a-8881-4090-9de5-7db5590c99d4",
    "name": "中天新聞台",
    "type": "webpage",
    "group": "台湾",
    "url": "https://www.4gtv.tv/channel/4gtv-4gtv009?set=1&ch=30",
    "DEFAULT_MIN_QUALITY": 720
  },
  {
    "id": "d71dd86c-2ab0-4014-a56a-3eec96e1575f",
    "name": "Bloomberg TV",
    "type": "webpage",
    "group": "台湾",
    "url": "https://www.4gtv.tv/channel/4gtv-live059?set=1&ch=283",
    "DEFAULT_MIN_QUALITY": 720
  },
  {
    "id": "f48e31b4-ea88-47e3-b4d7-b44579a5f10a",
    "name": "寰宇新聞台",
    "type": "webpage",
    "group": "台湾",
    "url": "https://www.4gtv.tv/channel/litv-longturn14?set=1&ch=36",
    "DEFAULT_MIN_QUALITY": 720
  },
  {
    "id": "fc96e42f-fa9c-4b6d-b699-62dcd4895897",
    "name": "寰宇新聞台灣台",
    "type": "webpage",
    "group": "台湾",
    "url": "https://www.4gtv.tv/channel/4gtv-4gtv156?set=1&ch=280",
    "DEFAULT_MIN_QUALITY": 720
  },
  {
    "id": "78996e6d-b3dd-42ed-9f6d-96500b5cf3d0",
    "name": "SBN全球財經台",
    "type": "webpage",
    "group": "台湾",
    "url": "https://www.4gtv.tv/channel/4gtv-live060?set=1&ch=224",
    "DEFAULT_MIN_QUALITY": 720
  },
  {
    "id": "690659d3-6a22-462e-ab60-d62f61a4b2d3",
    "name": "寰宇財經台",
    "type": "webpage",
    "group": "台湾",
    "url": "https://www.4gtv.tv/channel/4gtv-4gtv158?set=1&ch=281",
    "DEFAULT_MIN_QUALITY": 720
  },
  {
    "id": "516f20a1-2416-4f0d-b4b9-8d7b44d14c55",
    "name": "TVBS",
    "type": "webpage",
    "group": "台湾",
    "url": "https://www.4gtv.tv/channel/4gtv-4gtv073?set=1&ch=183",
    "DEFAULT_MIN_QUALITY": 720
  },
  {
    "id": "41e5b9aa-e42a-426e-aac6-2702dc34b333",
    "name": "東森購物二台",
    "type": "webpage",
    "group": "台湾",
    "url": "https://www.4gtv.tv/channel/4gtv-live046?set=1&ch=174",
    "DEFAULT_MIN_QUALITY": 720
  },
  {
    "id": "f66cec7b-6f3b-49a8-aa2b-8635701ab0df",
    "name": "豬哥亮歌廳秀",
    "type": "webpage",
    "group": "台湾",
    "url": "https://www.4gtv.tv/channel/4gtv-4gtv006?set=1&ch=113",
    "DEFAULT_MIN_QUALITY": 720
  },
  {
    "id": "7099b54f-ca18-412b-bf21-7ee93469c259",
    "name": "靖天育樂台",
    "type": "webpage",
    "group": "台湾",
    "url": "https://www.4gtv.tv/channel/4gtv-4gtv062?set=1&ch=83",
    "DEFAULT_MIN_QUALITY": 720
  },
  {
    "id": "f25ee22e-0a0c-4f37-ad58-c356978d5889",
    "name": "KLT-靖天國際台",
    "type": "webpage",
    "group": "台湾",
    "url": "https://www.4gtv.tv/channel/4gtv-4gtv063?set=1&ch=84",
    "DEFAULT_MIN_QUALITY": 720
  },
  {
    "id": "2c37db15-28d3-4fa2-b6be-5e2cea382675",
    "name": "Nice TV 靖天歡樂台",
    "type": "webpage",
    "group": "台湾",
    "url": "https://www.4gtv.tv/channel/4gtv-4gtv054?set=1&ch=119",
    "DEFAULT_MIN_QUALITY": 720
  },
  {
    "id": "0bc9005f-d70c-4705-b2ad-7480e7fa3745",
    "name": "靖天資訊台",
    "type": "webpage",
    "group": "台湾",
    "url": "https://www.4gtv.tv/channel/4gtv-4gtv065?set=1&ch=88",
    "DEFAULT_MIN_QUALITY": 720
  },
  {
    "id": "bba94ea1-f317-4914-9a07-4062854fbbd3",
    "name": "TVBS歡樂台",
    "type": "webpage",
    "group": "台湾",
    "url": "https://www.4gtv.tv/channel/4gtv-4gtv068?set=1&ch=184",
    "DEFAULT_MIN_QUALITY": 720
  },
  {
    "id": "b9fb4274-a22c-4983-8a36-e5456673ef5c",
    "name": "韓國娛樂台 KMTV",
    "type": "webpage",
    "group": "台湾",
    "url": "https://www.4gtv.tv/channel/4gtv-4gtv016?set=1&ch=446",
    "DEFAULT_MIN_QUALITY": 720
  },
  {
    "id": "fd7ce07a-6dee-4b18-a7d1-9b413c588107",
    "name": "ROCK Entertainment",
    "type": "webpage",
    "group": "台湾",
    "url": "https://www.4gtv.tv/channel/4gtv-live080?set=1&ch=275",
    "DEFAULT_MIN_QUALITY": 720
  },
  {
    "id": "07cae429-e614-4e22-bb2c-62d71beb4f46",
    "name": "Lifetime 娛樂頻道",
    "type": "webpage",
    "group": "台湾",
    "url": "https://www.4gtv.tv/channel/4gtv-live029?set=1&ch=217",
    "DEFAULT_MIN_QUALITY": 720
  },
  {
    "id": "d9d12240-1f4b-46de-9147-d8aed1595902",
    "name": "電影原聲台CMusic",
    "type": "webpage",
    "group": "台湾",
    "url": "https://www.4gtv.tv/channel/4gtv-live031?set=1&ch=218",
    "DEFAULT_MIN_QUALITY": 720
  },
  {
    "id": "bdecfd09-a977-4d5a-80d6-4dfb3d5896d0",
    "name": "TRACE Urban",
    "type": "webpage",
    "group": "台湾",
    "url": "https://www.4gtv.tv/channel/4gtv-4gtv082?set=1&ch=78",
    "DEFAULT_MIN_QUALITY": 720
  },
  {
    "id": "e55a8d18-f2eb-4e2f-8bdf-e91d07bbde34",
    "name": "MTV Live HD 音樂頻道",
    "type": "webpage",
    "group": "台湾",
    "url": "https://www.4gtv.tv/channel/4gtv-live025?set=1&ch=213",
    "DEFAULT_MIN_QUALITY": 720
  },
  {
    "id": "54bb3a6a-28c0-479a-8a98-5bebe09a2dca",
    "name": "Mezzo Live HD",
    "type": "webpage",
    "group": "台湾",
    "url": "https://www.4gtv.tv/channel/4gtv-4gtv083?set=1&ch=79",
    "DEFAULT_MIN_QUALITY": 720
  },
  {
    "id": "400ac733-7094-449f-8296-a92111df531a",
    "name": "CLASSICA 古典樂",
    "type": "webpage",
    "group": "台湾",
    "url": "https://www.4gtv.tv/channel/4gtv-4gtv059?set=1&ch=80",
    "DEFAULT_MIN_QUALITY": 720
  },
  {
    "id": "9efdc079-ac3b-4120-a1c5-95ba6b3aaf3a",
    "name": "東森購物三台",
    "type": "webpage",
    "group": "台湾",
    "url": "https://www.4gtv.tv/channel/4gtv-live048?set=1&ch=287",
    "DEFAULT_MIN_QUALITY": 720
  },
  {
    "id": "7cc30eaf-2517-49cb-a1bd-10420205bed4",
    "name": "INULTRA",
    "type": "webpage",
    "group": "台湾",
    "url": "https://www.4gtv.tv/channel/4gtv-live096?set=1&ch=444",
    "DEFAULT_MIN_QUALITY": 720
  },
  {
    "id": "01ff3eb4-dd9d-4d60-8397-2916556e6efa",
    "name": "TRACE Sport Stars",
    "type": "webpage",
    "group": "台湾",
    "url": "https://www.4gtv.tv/channel/4gtv-4gtv077?set=1&ch=57",
    "DEFAULT_MIN_QUALITY": 720
  },
  {
    "id": "413ad295-7b1a-4986-acd1-74eb4ebd46b0",
    "name": "智林體育台",
    "type": "webpage",
    "group": "台湾",
    "url": "https://www.4gtv.tv/channel/4gtv-4gtv101?set=1&ch=58",
    "DEFAULT_MIN_QUALITY": 720
  },
  {
    "id": "81588736-ce1b-49f9-b67e-6d20e2f9f38d",
    "name": "時尚運動X",
    "type": "webpage",
    "group": "台湾",
    "url": "https://www.4gtv.tv/channel/4gtv-4gtv014?set=1&ch=69",
    "DEFAULT_MIN_QUALITY": 720
  },
  {
    "id": "b40b8444-516e-44d4-bfbe-9fe483942269",
    "name": "車迷TV",
    "type": "webpage",
    "group": "台湾",
    "url": "https://www.4gtv.tv/channel/4gtv-live201?set=1&ch=160",
    "DEFAULT_MIN_QUALITY": 720
  },
  {
    "id": "3dab6490-17f4-4693-a399-29793298342e",
    "name": "GINX Esports TV",
    "type": "webpage",
    "group": "台湾",
    "url": "https://www.4gtv.tv/channel/4gtv-4gtv053?set=1&ch=179",
    "DEFAULT_MIN_QUALITY": 720
  },
  {
    "id": "a5d44253-0776-4e34-a753-3ef525ffe7b3",
    "name": "Pet Club TV",
    "type": "webpage",
    "group": "台湾",
    "url": "https://www.4gtv.tv/channel/4gtv-live110?set=1&ch=182",
    "DEFAULT_MIN_QUALITY": 720
  },
  {
    "id": "a93922cc-9435-4995-ae67-a32173f64e2a",
    "name": "滾動力rollor",
    "type": "webpage",
    "group": "台湾",
    "url": "https://www.4gtv.tv/channel/4gtv-live012?set=1&ch=249",
    "DEFAULT_MIN_QUALITY": 720
  },
  {
    "id": "7201dc3d-7fad-42ff-85c0-683d6543ead4",
    "name": "亞洲旅遊台",
    "type": "webpage",
    "group": "台湾",
    "url": "https://www.4gtv.tv/channel/4gtv-4gtv076?set=1&ch=250",
    "DEFAULT_MIN_QUALITY": 720
  },
  {
    "id": "67f192d0-56d0-46a3-bcbb-159677777dc4",
    "name": "fun探索娛樂台",
    "type": "webpage",
    "group": "台湾",
    "url": "https://www.4gtv.tv/channel/4gtv-live011?set=1&ch=274",
    "DEFAULT_MIN_QUALITY": 720
  },
  {
    "id": "90837c27-0c0b-4192-bced-091a3e3421c9",
    "name": "幸福空間居家台",
    "type": "webpage",
    "group": "台湾",
    "url": "https://www.4gtv.tv/channel/4gtv-live206?set=1&ch=168",
    "DEFAULT_MIN_QUALITY": 720
  },
  {
    "id": "b0313a66-dea9-4c2d-87a2-e40be72a9947",
    "name": "Love Nature",
    "type": "webpage",
    "group": "台湾",
    "url": "https://www.4gtv.tv/channel/4gtv-live208?set=1&ch=139",
    "DEFAULT_MIN_QUALITY": 720
  },
  {
    "id": "72f3dca7-128b-45d6-b938-fcdb8201e710",
    "name": "History 歷史頻道",
    "type": "webpage",
    "group": "台湾",
    "url": "https://www.4gtv.tv/channel/4gtv-live026?set=1&ch=214",
    "DEFAULT_MIN_QUALITY": 720
  },
  {
    "id": "b0b7c2a3-8782-4168-bc6a-74078146e578",
    "name": "愛爾達生活旅遊台",
    "type": "webpage",
    "group": "台湾",
    "url": "https://www.4gtv.tv/channel/4gtv-live120?set=1&ch=237",
    "DEFAULT_MIN_QUALITY": 720
  },
  {
    "id": "767209e7-7a39-4a38-bb15-e1ed9868519b",
    "name": "LUXE TV Channel",
    "type": "webpage",
    "group": "台湾",
    "url": "https://www.4gtv.tv/channel/4gtv-live121?set=1&ch=175",
    "DEFAULT_MIN_QUALITY": 720
  },
  {
    "id": "b9d0c123-0798-494b-8659-cd0882149f30",
    "name": "TV5MONDE STYLE HD 生活時尚",
    "type": "webpage",
    "group": "台湾",
    "url": "https://www.4gtv.tv/channel/4gtv-live122?set=1&ch=178",
    "DEFAULT_MIN_QUALITY": 720
  },
  {
    "id": "0ff02e2a-208e-45b8-8f65-0bcb238dab5e",
    "name": "MagellanTV頻道 (麥哲倫頻道) ",
    "type": "webpage",
    "group": "台湾",
    "url": "https://www.4gtv.tv/channel/4gtv-live123?set=1&ch=450",
    "DEFAULT_MIN_QUALITY": 720
  },
  {
    "id": "4b317b6c-93ef-4f68-874e-18a01c7573c3",
    "name": "公視戲劇",
    "type": "webpage",
    "group": "台湾",
    "url": "https://www.4gtv.tv/channel/4gtv-4gtv042?set=1&ch=7",
    "DEFAULT_MIN_QUALITY": 720
  },
  {
    "id": "1ccaad59-d5d4-41bb-9401-60816c8c74d6",
    "name": "HITS頻道",
    "type": "webpage",
    "group": "台湾",
    "url": "https://www.4gtv.tv/channel/4gtv-live620?set=1&ch=186",
    "DEFAULT_MIN_QUALITY": 720
  },
  {
    "id": "6ffeda4a-9d79-4c5f-8824-e5bb1efdb84f",
    "name": "八大精彩台",
    "type": "webpage",
    "group": "台湾",
    "url": "https://www.4gtv.tv/channel/4gtv-4gtv034?set=1&ch=172",
    "DEFAULT_MIN_QUALITY": 720
  },
  {
    "id": "930b16ea-d28b-4fce-b0f6-c89d9bd71023",
    "name": "霹靂布袋戲",
    "type": "webpage",
    "group": "台湾",
    "url": "https://www.4gtv.tv/channel/4gtv-live145?set=1&ch=301",
    "DEFAULT_MIN_QUALITY": 720
  },
  {
    "id": "60e0c2c4-d1e5-4469-a1ef-fb198100b0e6",
    "name": "靖天戲劇台",
    "type": "webpage",
    "group": "台湾",
    "url": "https://www.4gtv.tv/channel/4gtv-4gtv058?set=1&ch=116",
    "DEFAULT_MIN_QUALITY": 720
  },
  {
    "id": "23c8b572-d2c4-44de-9766-d50fbd7a4a69",
    "name": "靖洋戲劇台",
    "type": "webpage",
    "group": "台湾",
    "url": "https://www.4gtv.tv/channel/4gtv-4gtv045?set=1&ch=118",
    "DEFAULT_MIN_QUALITY": 720
  },
  {
    "id": "ebcc389a-8f7b-4a16-a184-a6a667bebf93",
    "name": "CI 罪案偵查頻道",
    "type": "webpage",
    "group": "台湾",
    "url": "https://www.4gtv.tv/channel/4gtv-live027?set=1&ch=215",
    "DEFAULT_MIN_QUALITY": 720
  },
  {
    "id": "0825c9bd-bf61-49c1-aa6f-f304845ef28b",
    "name": "視納華仁紀實頻道",
    "type": "webpage",
    "group": "台湾",
    "url": "https://www.4gtv.tv/channel/4gtv-4gtv013?set=1&ch=38",
    "DEFAULT_MIN_QUALITY": 720
  },
  {
    "id": "58637640-924a-4118-bf4e-79f98f182b65",
    "name": "影迷數位紀實台",
    "type": "webpage",
    "group": "台湾",
    "url": "https://www.4gtv.tv/channel/litv-ftv15?set=1&ch=445",
    "DEFAULT_MIN_QUALITY": 720
  },
  {
    "id": "8ac85794-2c2a-450b-9ed2-bf961224bf28",
    "name": "金光布袋戲",
    "type": "webpage",
    "group": "台湾",
    "url": "https://www.4gtv.tv/channel/4gtv-live144?set=1&ch=236",
    "DEFAULT_MIN_QUALITY": 720
  },
  {
    "id": "8cd01dc9-2dbf-4a2f-bbca-5654cf311687",
    "name": "ROCK Action",
    "type": "webpage",
    "group": "台湾",
    "url": "https://www.4gtv.tv/channel/4gtv-live138?set=1&ch=180",
    "DEFAULT_MIN_QUALITY": 720
  },
  {
    "id": "07e57461-afb6-4a7d-b47e-fe8b23c4b9df",
    "name": "采昌影劇台",
    "type": "webpage",
    "group": "台湾",
    "url": "https://www.4gtv.tv/channel/4gtv-4gtv049?set=1&ch=25",
    "DEFAULT_MIN_QUALITY": 720
  },
  {
    "id": "bedf25fe-5dad-4fd5-ad5d-3fab5f4ededc",
    "name": "靖天映畫",
    "type": "webpage",
    "group": "台湾",
    "url": "https://www.4gtv.tv/channel/4gtv-4gtv055?set=1&ch=42",
    "DEFAULT_MIN_QUALITY": 720
  },
  {
    "id": "b08cf9fb-c099-45a2-912b-ecf93179b1df",
    "name": "靖天電影台",
    "type": "webpage",
    "group": "台湾",
    "url": "https://www.4gtv.tv/channel/4gtv-4gtv061?set=1&ch=82",
    "DEFAULT_MIN_QUALITY": 720
  },
  {
    "id": "fd70c96e-c279-4fe4-b0df-308866487ded",
    "name": "影迷數位電影台",
    "type": "webpage",
    "group": "台湾",
    "url": "https://www.4gtv.tv/channel/4gtv-4gtv011?set=1&ch=40",
    "DEFAULT_MIN_QUALITY": 720
  },
  {
    "id": "627520a2-ae8f-4144-b1fd-90bb4b0721e4",
    "name": "amc電影台",
    "type": "webpage",
    "group": "台湾",
    "url": "https://www.4gtv.tv/channel/4gtv-4gtv017?set=1&ch=39",
    "DEFAULT_MIN_QUALITY": 720
  },
  {
    "id": "0d0a3acb-b858-47c5-a24d-141b83b8531b",
    "name": "CinemaWorld",
    "type": "webpage",
    "group": "台湾",
    "url": "https://www.4gtv.tv/channel/4gtv-live069?set=1&ch=225",
    "DEFAULT_MIN_QUALITY": 720
  },
  {
    "id": "f65e2fb6-9263-4dc3-a551-c650cdb53adc",
    "name": "My Cinema Europe HD 我的歐洲電影",
    "type": "webpage",
    "group": "台湾",
    "url": "https://www.4gtv.tv/channel/4gtv-live157?set=1&ch=176",
    "DEFAULT_MIN_QUALITY": 720
  },
  {
    "id": "63c2e254-0db6-49d6-8aae-49d42c4940c7",
    "name": "好消息",
    "type": "webpage",
    "group": "台湾",
    "url": "https://www.4gtv.tv/channel/litv-ftv16?set=1&ch=9",
    "DEFAULT_MIN_QUALITY": 720
  },
  {
    "id": "4fda7b7c-d474-4022-8199-27d8c3bb2e07",
    "name": "好消息2台",
    "type": "webpage",
    "group": "台湾",
    "url": "https://www.4gtv.tv/channel/litv-ftv17?set=1&ch=8",
    "DEFAULT_MIN_QUALITY": 720
  },
  {
    "id": "a9a9be4c-3c3b-4de1-9b12-a13ada88b8ce",
    "name": "大愛二台",
    "type": "webpage",
    "group": "台湾",
    "url": "https://www.4gtv.tv/channel/4gtv-live106?set=1&ch=230",
    "DEFAULT_MIN_QUALITY": 720
  },
  {
    "id": "09ebb4cd-7b06-40a1-b8c0-bfbd877c0e4c",
    "name": "人間衛視",
    "type": "webpage",
    "group": "台湾",
    "url": "https://www.4gtv.tv/channel/4gtv-live008?set=1&ch=210",
    "DEFAULT_MIN_QUALITY": 720
  },
  {
    "id": "446c4cee-d608-4dfa-8bda-f4860ee1b94a",
    "name": "FRANCE24 英文台",
    "type": "webpage",
    "group": "台湾",
    "url": "https://www.4gtv.tv/channel/4gtv-live146?set=1&ch=316",
    "DEFAULT_MIN_QUALITY": 720
  },
  {
    "id": "0a27b96f-ab63-422b-a4a1-558d68c6e919",
    "name": "半島國際新聞台",
    "type": "webpage",
    "group": "台湾",
    "url": "https://www.4gtv.tv/channel/litv-ftv10?set=1&ch=85",
    "DEFAULT_MIN_QUALITY": 720
  },
  {
    "id": "c43cbfde-e6f2-4c0b-8a8a-5eb89754c853",
    "name": "VOA美國之音",
    "type": "webpage",
    "group": "台湾",
    "url": "https://www.4gtv.tv/channel/litv-ftv03?set=1&ch=86",
    "DEFAULT_MIN_QUALITY": 720
  },
  {
    "id": "0fac5271-0be0-4767-95b3-32b7fa95001d",
    "name": "CNBC Asia 財經台",
    "type": "webpage",
    "group": "台湾",
    "url": "https://www.4gtv.tv/channel/4gtv-live130?set=1&ch=235",
    "DEFAULT_MIN_QUALITY": 720
  },
  {
    "id": "10c92c4a-db59-40ca-9505-10a8e02af520",
    "name": "DW德國之聲",
    "type": "webpage",
    "group": "台湾",
    "url": "https://www.4gtv.tv/channel/4gtv-live071?set=1&ch=226",
    "DEFAULT_MIN_QUALITY": 720
  },
  {
    "id": "1655cf22-bd35-4004-aa5a-e8ff30c8141a",
    "name": "國會頻道1",
    "type": "webpage",
    "group": "台湾",
    "url": "https://www.4gtv.tv/channel/4gtv-4gtv084?set=1&ch=170",
    "DEFAULT_MIN_QUALITY": 720
  },
  {
    "id": "fe78e625-ae48-4ece-b199-4a3eff32b789",
    "name": "國會頻道2",
    "type": "webpage",
    "group": "台湾",
    "url": "https://www.4gtv.tv/channel/4gtv-4gtv085?set=1&ch=171",
    "DEFAULT_MIN_QUALITY": 720
  },
  {
    "id": "e257baf6-abca-4f1f-91d4-dfd73592e07f",
    "name": "TVBS綜藝台",
    "type": "webpage",
    "group": "台湾",
    "url": "https://www.4gtv.tv/channel/4gtv-live087?set=1&ch=284",
    "DEFAULT_MIN_QUALITY": 720
  },
  {
    "id": "a258a455-8bd3-4a5a-9aa2-a12d365a8cf5",
    "name": "TVBS台劇台",
    "type": "webpage",
    "group": "台湾",
    "url": "https://www.4gtv.tv/channel/4gtv-live088?set=1&ch=285",
    "DEFAULT_MIN_QUALITY": 720
  },
  {
    "id": "e892f2ef-9349-445f-b5c1-2f4d3e8d61ca",
    "name": "經典電影台",
    "type": "webpage",
    "group": "台湾",
    "url": "https://www.4gtv.tv/channel/4gtv-live021?set=1&ch=201",
    "DEFAULT_MIN_QUALITY": 720
  },
  {
    "id": "0b31a233-f881-47b5-a778-7e750203e3f6",
    "name": "經典卡通台",
    "type": "webpage",
    "group": "台湾",
    "url": "https://www.4gtv.tv/channel/4gtv-live022?set=1&ch=202",
    "DEFAULT_MIN_QUALITY": 720
  },
  {
    "id": "1c099f13-63ea-4dba-a918-5b86a64187d7",
    "name": "精選動漫台",
    "type": "webpage",
    "group": "台湾",
    "url": "https://www.4gtv.tv/channel/4gtv-live024?set=1&ch=204",
    "DEFAULT_MIN_QUALITY": 720
  },
  {
    "id": "1f1f6579-fae6-461a-a19f-21f68f5cf27e",
    "name": "戲劇免費看 1台",
    "type": "webpage",
    "group": "台湾",
    "url": "https://www.4gtv.tv/channel/4gtv-live010?set=1&ch=270",
    "DEFAULT_MIN_QUALITY": 720
  },
  {
    "id": "24f6b73f-e212-4c81-9cca-38b3b05ca067",
    "name": "民視台灣台",
    "type": "webpage",
    "group": "台湾",
    "url": "https://www.4gtv.tv/channel/4gtv-4gtv001?set=1&ch=2",
    "DEFAULT_MIN_QUALITY": 720
  },
  {
    "id": "643c0da9-a9ae-4fc7-b5cb-d0c8d36062d4",
    "name": "民視第一台",
    "type": "webpage",
    "group": "台湾",
    "url": "https://www.4gtv.tv/channel/4gtv-4gtv003?set=1&ch=1",
    "DEFAULT_MIN_QUALITY": 720
  },
  {
    "id": "e9f3c816-abf1-4d74-aa2a-8214d462ef66",
    "name": "民視",
    "type": "webpage",
    "group": "台湾",
    "url": "https://www.4gtv.tv/channel/4gtv-4gtv002?set=1&ch=3",
    "DEFAULT_MIN_QUALITY": 720
  },
  {
    "id": "50af642a-1c9a-491d-85e5-db4d320ad6cd",
    "name": "民視影劇台",
    "type": "webpage",
    "group": "台湾",
    "url": "https://www.4gtv.tv/channel/litv-ftv09?set=1&ch=24",
    "DEFAULT_MIN_QUALITY": 720
  },
  {
    "id": "728864bc-d4ae-425e-9d28-0c0aa82fc1f8",
    "name": "民視旅遊台",
    "type": "webpage",
    "group": "台湾",
    "url": "https://www.4gtv.tv/channel/litv-ftv07?set=1&ch=61",
    "DEFAULT_MIN_QUALITY": 720
  },
  {
    "id": "4e70b44e-1983-4b8d-9965-593da65f84d3",
    "name": "民視綜藝台",
    "type": "webpage",
    "group": "台湾",
    "url": "https://www.4gtv.tv/channel/4gtv-4gtv004?set=1&ch=16",
    "DEFAULT_MIN_QUALITY": 720
  },
  {
    "id": "f9ad8cc6-7fac-4b42-94ab-28748f922123",
    "name": "民視新聞台",
    "type": "webpage",
    "group": "台湾",
    "url": "https://www.4gtv.tv/channel/litv-ftv13?set=1&ch=31",
    "DEFAULT_MIN_QUALITY": 720
  },
  {
    "id": "74ffc092-3024-4fe7-b3b2-c018e3492fa4",
    "name": "浙江卫视",
    "type": "webpage",
    "group": "浙江",
    "url": "https://www.cztv.com/liveTV/101",
    "DEFAULT_MIN_QUALITY": 720
  },
  {
    "id": "824c5437-2f28-4790-ad1a-dc32986f3962",
    "name": "钱江都市",
    "type": "webpage",
    "group": "浙江",
    "url": "https://www.cztv.com/liveTV/102",
    "DEFAULT_MIN_QUALITY": 720
  },
  {
    "id": "26179594-4bbb-42ac-81eb-156766aff474",
    "name": "经济生活",
    "type": "webpage",
    "group": "浙江",
    "url": "https://www.cztv.com/liveTV/103",
    "DEFAULT_MIN_QUALITY": 720
  },
  {
    "id": "6e768839-9118-421a-92ab-4a24e30a1292",
    "name": "科教影视",
    "type": "webpage",
    "group": "浙江",
    "url": "https://www.cztv.com/liveTV/104",
    "DEFAULT_MIN_QUALITY": 720
  },
  {
    "id": "3e5625c9-8ac6-45c5-b16c-c5ff45e09205",
    "name": "民生休闲",
    "type": "webpage",
    "group": "浙江",
    "url": "https://www.cztv.com/liveTV/106",
    "DEFAULT_MIN_QUALITY": 720
  },
  {
    "id": "b0d414ee-32fc-47d0-b311-b23e9f6a4013",
    "name": "浙江新闻",
    "type": "webpage",
    "group": "浙江",
    "url": "https://www.cztv.com/liveTV/107",
    "DEFAULT_MIN_QUALITY": 720
  },
  {
    "id": "6e3f021a-77f7-41a5-91a7-c52d3abd0f77",
    "name": "少儿频道",
    "type": "webpage",
    "group": "浙江",
    "url": "https://www.cztv.com/liveTV/108",
    "DEFAULT_MIN_QUALITY": 720
  },
  {
    "id": "7c012a78-3700-4ffc-b6c8-58621a2ce11d",
    "name": "浙江国际",
    "type": "webpage",
    "group": "浙江",
    "url": "https://www.cztv.com/liveTV/110",
    "DEFAULT_MIN_QUALITY": 720
  },
  {
    "id": "929b0e7a-6558-4c88-ade6-6804ca3c72e1",
    "name": "之江记录",
    "type": "webpage",
    "group": "浙江",
    "url": "https://www.cztv.com/liveTV/111",
    "DEFAULT_MIN_QUALITY": 720
  },
  {
    "id": "aktv-0001",
    "name": "Animax (HK)",
    "type": "m3u8",
    "group": "AKTV",
    "url": "http://s1.an94tv.cfd/aktv/animaxhk/AKTV.m3u8",
    "DEFAULT_MIN_QUALITY": null
  },
  {
    "id": "aktv-0002",
    "name": "AXN",
    "type": "m3u8",
    "group": "AKTV",
    "url": "http://s1.an94tv.cfd/aktv/axn/AKTV.m3u8",
    "DEFAULT_MIN_QUALITY": null
  },
  {
    "id": "aktv-0003",
    "name": "Channel 5 HD",
    "type": "m3u8",
    "group": "AKTV",
    "url": "http://s1.an94tv.cfd/aktv/channel5hd/AKTV.m3u8",
    "DEFAULT_MIN_QUALITY": null
  },
  {
    "id": "aktv-0004",
    "name": "Channel 8 HD",
    "type": "m3u8",
    "group": "AKTV",
    "url": "http://s1.an94tv.cfd/aktv/channel8hd/AKTV.m3u8",
    "DEFAULT_MIN_QUALITY": null
  },
  {
    "id": "aktv-0005",
    "name": "Channel U HD",
    "type": "m3u8",
    "group": "AKTV",
    "url": "http://s1.an94tv.cfd/aktv/channeluhd/AKTV.m3u8",
    "DEFAULT_MIN_QUALITY": null
  },
  {
    "id": "aktv-0006",
    "name": "Love Nature HD",
    "type": "m3u8",
    "group": "AKTV",
    "url": "http://s1.an94tv.cfd/aktv/lovenaturehd/AKTV.m3u8",
    "DEFAULT_MIN_QUALITY": null
  },
  {
    "id": "aktv-0007",
    "name": "PopC",
    "type": "m3u8",
    "group": "AKTV",
    "url": "http://s1.an94tv.cfd/aktv/popc/AKTV.m3u8",
    "DEFAULT_MIN_QUALITY": null
  },
  {
    "id": "aktv-0008",
    "name": "ROCK Action",
    "type": "m3u8",
    "group": "AKTV",
    "url": "http://s1.an94tv.cfd/aktv/rockaction/AKTV.m3u8",
    "DEFAULT_MIN_QUALITY": null
  },
  {
    "id": "aktv-0009",
    "name": "TVB Plus",
    "type": "m3u8",
    "group": "AKTV",
    "url": "http://s1.an94tv.cfd/aktv/tvbplus/AKTV.m3u8",
    "DEFAULT_MIN_QUALITY": null
  },
  {
    "id": "aktv-0010",
    "name": "tvN",
    "type": "m3u8",
    "group": "AKTV",
    "url": "http://s1.an94tv.cfd/aktv/tvn/AKTV.m3u8",
    "DEFAULT_MIN_QUALITY": null
  },
  {
    "id": "aktv-0011",
    "name": "天映經典(1080)",
    "type": "m3u8",
    "group": "AKTV",
    "url": "http://s1.an94tv.cfd/aktv/1080/AKTV.m3u8",
    "DEFAULT_MIN_QUALITY": null
  },
  {
    "id": "aktv-0012",
    "name": "明珠剧集台(北美)",
    "type": "m3u8",
    "group": "AKTV",
    "url": "http://s1.an94tv.cfd/aktv/CH-19/AKTV.m3u8",
    "DEFAULT_MIN_QUALITY": null
  },
  {
    "id": "aktv-0013",
    "name": "明珠台",
    "type": "m3u8",
    "group": "AKTV",
    "url": "http://s1.an94tv.cfd/aktv/CH-2/AKTV.m3u8",
    "DEFAULT_MIN_QUALITY": null
  },
  {
    "id": "aktv-0014",
    "name": "無線新聞台",
    "type": "m3u8",
    "group": "AKTV",
    "url": "http://s1.an94tv.cfd/aktv/CH-1/AKTV.m3u8",
    "DEFAULT_MIN_QUALITY": null
  },
  {
    "id": "aktv-0015",
    "name": "美亞電影台(HK)",
    "type": "m3u8",
    "group": "AKTV",
    "url": "http://s1.an94tv.cfd/aktv/hk/AKTV.m3u8",
    "DEFAULT_MIN_QUALITY": null
  },
  {
    "id": "aktv-0016",
    "name": "翡翠一台(北美)",
    "type": "m3u8",
    "group": "AKTV",
    "url": "http://s1.an94tv.cfd/aktv/CH-8/AKTV.m3u8",
    "DEFAULT_MIN_QUALITY": null
  },
  {
    "id": "aktv-0017",
    "name": "翡翠剧集台(北美)",
    "type": "m3u8",
    "group": "AKTV",
    "url": "http://s1.an94tv.cfd/aktv/CH-18/AKTV.m3u8",
    "DEFAULT_MIN_QUALITY": null
  },
  {
    "id": "aktv-0018",
    "name": "翡翠台",
    "type": "m3u8",
    "group": "AKTV",
    "url": "http://s1.an94tv.cfd/aktv/CH-0/AKTV.m3u8",
    "DEFAULT_MIN_QUALITY": null
  },
  {
    "id": "aktv-0019",
    "name": "翡翠娛樂台(北美)",
    "type": "m3u8",
    "group": "AKTV",
    "url": "http://s1.an94tv.cfd/aktv/CH-7/AKTV.m3u8",
    "DEFAULT_MIN_QUALITY": null
  },
  {
    "id": "aktv-0020",
    "name": "翡翠综合台(北美)",
    "type": "m3u8",
    "group": "AKTV",
    "url": "http://s1.an94tv.cfd/aktv/CH-17/AKTV.m3u8",
    "DEFAULT_MIN_QUALITY": null
  },
  {
    "id": "aktv-0021",
    "name": "鳳凰衛視中文台",
    "type": "m3u8",
    "group": "AKTV",
    "url": "http://s1.an94tv.cfd/aktv/CH-3/AKTV.m3u8",
    "DEFAULT_MIN_QUALITY": null
  },
  {
    "id": "aktv-0022",
    "name": "鳳凰衛視資訊台",
    "type": "m3u8",
    "group": "AKTV",
    "url": "http://s1.an94tv.cfd/aktv/CH-4/AKTV.m3u8",
    "DEFAULT_MIN_QUALITY": null
  },
  {
    "id": "aktv-0023",
    "name": "鳳凰衛視香港台",
    "type": "m3u8",
    "group": "AKTV",
    "url": "http://s1.an94tv.cfd/aktv/CH-5/AKTV.m3u8",
    "DEFAULT_MIN_QUALITY": null
  },
  {
    "id": "aktv-0024",
    "name": "黃金翡翠台",
    "type": "m3u8",
    "group": "AKTV",
    "url": "http://s1.an94tv.cfd/aktv/CH-6/AKTV.m3u8",
    "DEFAULT_MIN_QUALITY": null
  },
  {
    "id": "aktv-0025",
    "name": "Sky Sports F1",
    "type": "m3u8",
    "group": "AKTV",
    "url": "http://s1.an94tv.cfd/aktv2/skysportsf1/AKTV.m3u8",
    "DEFAULT_MIN_QUALITY": null
  },
  {
    "id": "aktv-0026",
    "name": "天映电影",
    "type": "m3u8",
    "group": "AKTV",
    "url": "http://s1.an94tv.cfd/aktv2/CH-3/AKTV.m3u8",
    "DEFAULT_MIN_QUALITY": null
  },
  {
    "id": "aktv-0027",
    "name": "好萊塢電影台",
    "type": "m3u8",
    "group": "AKTV",
    "url": "http://s1.an94tv.cfd/aktv2/CH-1/AKTV.m3u8",
    "DEFAULT_MIN_QUALITY": null
  },
  {
    "id": "aktv-0028",
    "name": "東森洋片",
    "type": "m3u8",
    "group": "AKTV",
    "url": "http://s1.an94tv.cfd/aktv2/CH-2/AKTV.m3u8",
    "DEFAULT_MIN_QUALITY": null
  },
  {
    "id": "aktv-0029",
    "name": "緯來體育台",
    "type": "m3u8",
    "group": "AKTV",
    "url": "http://s1.an94tv.cfd/aktv2/CH-0/AKTV.m3u8",
    "DEFAULT_MIN_QUALITY": null
  },
  {
    "id": "aktv-0030",
    "name": "CNA",
    "type": "m3u8",
    "group": "AKTV",
    "url": "http://s1.an94tv.cfd/aktv3/cna/AKTV.m3u8",
    "DEFAULT_MIN_QUALITY": null
  },
  {
    "id": "aktv-0031",
    "name": "朝鲜恩情台",
    "type": "m3u8",
    "group": "AKTV",
    "url": "http://s1.an94tv.cfd/aktv3/CH-0/AKTV.m3u8",
    "DEFAULT_MIN_QUALITY": null
  },
  {
    "id": "aktv-0032",
    "name": "Japan News 24H LIVE",
    "type": "m3u8",
    "group": "AKTV",
    "url": "http://s1.an94tv.cfd/aktvjp/japannews24hlive/AKTV.m3u8",
    "DEFAULT_MIN_QUALITY": null
  },
  {
    "id": "aktv-0033",
    "name": "日テレNEWS LIVE",
    "type": "m3u8",
    "group": "AKTV",
    "url": "http://s1.an94tv.cfd/aktvjp/ntv/AKTV.m3u8",
    "DEFAULT_MIN_QUALITY": null
  },
  {
    "id": "aktv-0034",
    "name": "8TV",
    "type": "m3u8",
    "group": "AKTV",
    "url": "http://s1.an94tv.cfd/astro/8tv/AKTV.m3u8",
    "DEFAULT_MIN_QUALITY": null
  },
  {
    "id": "aktv-0035",
    "name": "Astro Football",
    "type": "m3u8",
    "group": "AKTV",
    "url": "http://s1.an94tv.cfd/astro/CH-0/AKTV.m3u8",
    "DEFAULT_MIN_QUALITY": null
  },
  {
    "id": "aktv-0036",
    "name": "Astro Sport UHD",
    "type": "m3u8",
    "group": "AKTV",
    "url": "http://s1.an94tv.cfd/astro/astrosportuhd/AKTV.m3u8",
    "DEFAULT_MIN_QUALITY": null
  },
  {
    "id": "aktv-0037",
    "name": "EuroSport 1",
    "type": "m3u8",
    "group": "AKTV",
    "url": "http://s1.an94tv.cfd/astro/eurosport1/AKTV.m3u8",
    "DEFAULT_MIN_QUALITY": null
  },
  {
    "id": "aktv-0038",
    "name": "EuroSport 2",
    "type": "m3u8",
    "group": "AKTV",
    "url": "http://s1.an94tv.cfd/astro/eurosport2/AKTV.m3u8",
    "DEFAULT_MIN_QUALITY": null
  },
  {
    "id": "aktv-0039",
    "name": "TNT SPORTS 1",
    "type": "m3u8",
    "group": "AKTV",
    "url": "http://s1.an94tv.cfd/astro/tntsports1/AKTV.m3u8",
    "DEFAULT_MIN_QUALITY": null
  },
  {
    "id": "aktv-0040",
    "name": "TNT SPORTS 2",
    "type": "m3u8",
    "group": "AKTV",
    "url": "http://s1.an94tv.cfd/astro/tntsports2/AKTV.m3u8",
    "DEFAULT_MIN_QUALITY": null
  },
  {
    "id": "aktv-0041",
    "name": "TNT SPORTS 3",
    "type": "m3u8",
    "group": "AKTV",
    "url": "http://s1.an94tv.cfd/astro/tntsports3/AKTV.m3u8",
    "DEFAULT_MIN_QUALITY": null
  },
  {
    "id": "aktv-0042",
    "name": "中天亚洲台",
    "type": "m3u8",
    "group": "AKTV",
    "url": "http://s1.an94tv.cfd/astro/CH-1/AKTV.m3u8",
    "DEFAULT_MIN_QUALITY": null
  },
  {
    "id": "aktv-0043",
    "name": "CinemaWorld",
    "type": "m3u8",
    "group": "AKTV",
    "url": "http://s1.an94tv.cfd/taiwan/cinemaworld/AKTV.m3u8",
    "DEFAULT_MIN_QUALITY": null
  },
  {
    "id": "aktv-0044",
    "name": "HITS",
    "type": "m3u8",
    "group": "AKTV",
    "url": "http://s1.an94tv.cfd/taiwan/hits/AKTV.m3u8",
    "DEFAULT_MIN_QUALITY": null
  },
  {
    "id": "aktv-0045",
    "name": "KLT-靖天國際台",
    "type": "m3u8",
    "group": "AKTV",
    "url": "http://s1.an94tv.cfd/taiwan/CH-3/AKTV.m3u8",
    "DEFAULT_MIN_QUALITY": null
  },
  {
    "id": "aktv-0046",
    "name": "MagellanTV頻道",
    "type": "m3u8",
    "group": "AKTV",
    "url": "http://s1.an94tv.cfd/taiwan/magellantv/AKTV.m3u8",
    "DEFAULT_MIN_QUALITY": null
  },
  {
    "id": "aktv-0047",
    "name": "TVBS",
    "type": "m3u8",
    "group": "AKTV",
    "url": "http://s1.an94tv.cfd/taiwan/tvbs/AKTV.m3u8",
    "DEFAULT_MIN_QUALITY": null
  },
  {
    "id": "aktv-0048",
    "name": "TVBS新聞",
    "type": "m3u8",
    "group": "AKTV",
    "url": "http://s1.an94tv.cfd/taiwan/tvbs-1/AKTV.m3u8",
    "DEFAULT_MIN_QUALITY": null
  },
  {
    "id": "aktv-0049",
    "name": "民視",
    "type": "m3u8",
    "group": "AKTV",
    "url": "http://s1.an94tv.cfd/taiwan/CH-1/AKTV.m3u8",
    "DEFAULT_MIN_QUALITY": null
  },
  {
    "id": "aktv-0050",
    "name": "民視第一台",
    "type": "m3u8",
    "group": "AKTV",
    "url": "http://s1.an94tv.cfd/taiwan/CH-0/AKTV.m3u8",
    "DEFAULT_MIN_QUALITY": null
  },
  {
    "id": "aktv-0051",
    "name": "龍華日韓台",
    "type": "m3u8",
    "group": "AKTV",
    "url": "http://s1.an94tv.cfd/taiwan/CH-5/AKTV.m3u8",
    "DEFAULT_MIN_QUALITY": null
  },
  {
    "id": "aktv-0052",
    "name": "TVB 星河",
    "type": "m3u8",
    "group": "AKTV",
    "url": "http://s1.an94tv.cfd/taiwan2/tvb/AKTV.m3u8",
    "DEFAULT_MIN_QUALITY": null
  },
  {
    "id": "aktv-0053",
    "name": "中天新闻台",
    "type": "m3u8",
    "group": "AKTV",
    "url": "http://s1.an94tv.cfd/zhongtian/CH-0/AKTV.m3u8",
    "DEFAULT_MIN_QUALITY": null
  },
  {
    "id": "aktv-0054",
    "name": "東森新聞",
    "type": "m3u8",
    "group": "AKTV",
    "url": "http://s1.an94tv.cfd/zhongtian/CH-1/AKTV.m3u8",
    "DEFAULT_MIN_QUALITY": null
  }
]